{"cameraMode":{"drawMode":0,"name":"Shaded","section":"Shading Mode"},"sceneLighting":true,"audioPlay":false,"sceneViewState":{"showFog":true,"showMaterialUpdate":false,"showSkybox":true,"showFlares":true,"showImageEffects":true,"showParticleSystems":true},"in2DMode":false,"pivot":{"x":0.05901317298412323,"y":2.0632355213165285,"z":3.0683155059814455},"rotation":{"x":-0.446017324924469,"y":0.0005336327012628317,"z":-0.00026695875567384064,"w":-0.8950263261795044},"size":10.0,"orthographic":false}